District Code,DistrictEng,DistrictNep,VDC/Municipality Code,VDC/Municipality,Ward No,Center Code,Center
39,Kaski,कास्की,1613,पोखरा उप महानगरपालिका,11,1962,"शिवशक्ति उ.मा.वि., फुलबारी"
39,Kaski,कास्की,1613,पोखरा उप महानगरपालिका,10,1959,"कुडहर प्रा.वि., कुडहर"
39,Kaski,कास्की,1613,पोखरा उप महानगरपालिका,10,1958,"कालिका उच्च मा.वि., रामबजार"
39,Kaski,कास्की,1613,पोखरा उप महानगरपालिका,13,1977,"भद्रकाली उ.मा.वि., कुंडहर"
39,Kaski,कास्की,1613,पोखरा उप महानगरपालिका,13,1972,"वडा समितिको कार्यालय, कुंडहर"
39,Kaski,कास्की,1613,पोखरा उप महानगरपालिका,13,1971,"मौला इस्लामिक सामुदायिक प्रा.वि., कुडहर"
39,Kaski,कास्की,1613,पोखरा उप महानगरपालिका,12,1964,"सितलादेवी सामुदायिक मा.वि., माटेपानी"
39,Kaski,कास्की,1613,पोखरा उप महानगरपालिका,12,1966,"अमरसिंह नमुना उ.मा.वि., रामघाट"
39,Kaski,कास्की,1613,पोखरा उप महानगरपालिका,12,1967,"सरस्वती नि.मा.वि., उपकारमार्ग"
39,Kaski,कास्की,1613,पोखरा उप महानगरपालिका,15,1986,"वडा समितिको कार्यालय, कोलपाटन"
39,Kaski,कास्की,1613,पोखरा उप महानगरपालिका,15,1987,"सिद्ध उ.मा.वि., रामबजार"
39,Kaski,कास्की,1613,पोखरा उप महानगरपालिका,14,1981,"रामेश्वरी मा.वि., मझेरीपाटनर"
39,Kaski,कास्की,1613,पोखरा उप महानगरपालिका,17,2051,"छोरेपाटन उ.मा.वि., छोरेपाटन"
39,Kaski,कास्की,1613,पोखरा उप महानगरपालिका,17,2055,"जानकी नि.मा.वि., महतगौडा"
39,Kaski,कास्की,1613,पोखरा उप महानगरपालिका,17,2049,"पार्दि उ.मा.वि., पार्दि"
39,Kaski,कास्की,1613,पोखरा उप महानगरपालिका,16,1990,"दिपज्योती प्रा.वि., दिप"
39,Kaski,कास्की,1613,पोखरा उप महानगरपालिका,16,1992,"चण्डिका प्रा.वि., बाटुलेचौर"
39,Kaski,कास्की,1613,पोखरा उप महानगरपालिका,16,1994,"विन्धवासिनी उ.मा.वि., बाटुलेचौर"
39,Kaski,कास्की,1613,पोखरा उप महानगरपालिका,16,1997,"विन्ध्यवासिनी मा.वि., बाटुलेचौर"
39,Kaski,कास्की,1613,पोखरा उप महानगरपालिका,18,2002,"शुक्रराज बलभद्र उ.मा.वि., छिनेडाँडा"
39,Kaski,कास्की,1613,पोखरा उप महानगरपालिका,1,1949,"राष्ट्रिय उच्च मा.वि., टुडिखेल"
39,Kaski,कास्की,1613,पोखरा उप महानगरपालिका,1,1951,"बाल ज्योती प्रा.वि., बगर"
39,Kaski,कास्की,1613,पोखरा उप महानगरपालिका,1,1950,"संस्कृत मा.वि., बगर"
39,Kaski,कास्की,1613,पोखरा उप महानगरपालिका,1,1952,"रत्ना नि.मा.वि., कसेरी"
39,Kaski,कास्की,1613,पोखरा उप महानगरपालिका,3,1956,"कन्या मा.वि., नदिपुर"
39,Kaski,कास्की,1613,पोखरा उप महानगरपालिका,3,1953,"ज्ञानभूमी मा.वि., नदिपुर"
39,Kaski,कास्की,1613,पोखरा उप महानगरपालिका,2,2088,"विन्ध्यवासिनी उ.मा.वि., वरपाटन"
39,Kaski,कास्की,1613,पोखरा उप महानगरपालिका,2,2087,"वडा समितिको कार्यालय, मिरुवा"
39,Kaski,कास्की,1613,पोखरा उप महानगरपालिका,5,2026,"वडा समितिको कार्यालय, मालेपाटन"
39,Kaski,कास्की,1613,पोखरा उप महानगरपालिका,5,2028,"धर्मस्थली नि.मा.वि., प्रस्याङ"
39,Kaski,कास्की,1613,पोखरा उप महानगरपालिका,5,2023,"वाराही उ.मा.वि., मालेपाटन"
39,Kaski,कास्की,1613,पोखरा उप महानगरपालिका,4,2021,"नविन उ.मा.वि., गैरापाटन"
39,Kaski,कास्की,1613,पोखरा उप महानगरपालिका,7,2036,"श्रीकृष्ण मा.वि., मासवार"
39,Kaski,कास्की,1613,पोखरा उप महानगरपालिका,7,2038,"वडा समितिको कार्यालय, रत्नचोक"
39,Kaski,कास्की,1613,पोखरा उप महानगरपालिका,6,2034,"वडा समितिको कार्यालय, बैदाम"
39,Kaski,कास्की,1613,पोखरा उप महानगरपालिका,6,2032,"अन्नपुर्ण प्रा.वि., बैदाम"
39,Kaski,कास्की,1613,पोखरा उप महानगरपालिका,6,2031,"तालवराही उ. मा.वि., बैदाम"
39,Kaski,कास्की,1613,पोखरा उप महानगरपालिका,9,2046,"नवप्रभात मा.वि., तुल्सिघाँट"
39,Kaski,कास्की,1613,पोखरा उप महानगरपालिका,9,2045,"महेन्द्र उ.मा.वि., नयांबजार"
39,Kaski,कास्की,1613,पोखरा उप महानगरपालिका,9,2048,"साहारा बाल प्रा.वि., बसपार्क"
39,Kaski,कास्की,1613,पोखरा उप महानगरपालिका,8,2042,"राम नि.मा.वि., सिमलचौर"
39,Kaski,कास्की,1613,पोखरा उप महानगरपालिका,8,2040,"जनप्रिय उ.मा.वि., सिमलचौर"
39,Kaski,कास्की,3685,लेखनाथ नगरपालिका,11,1937,"अरूणोज्योती प्रा.वि., सुन्दरीडाँडा"
39,Kaski,कास्की,3685,लेखनाथ नगरपालिका,11,1936,"अमरसिद्ध नमूना उ.मा.वि., पचभैया"
39,Kaski,कास्की,3685,लेखनाथ नगरपालिका,10,1935,"आनन्दज्योती उ.मा.वि., बेगनास"
39,Kaski,कास्की,3685,लेखनाथ नगरपालिका,13,1940,"गोगन उ.मा.वि., तल्लो गगनगौडा"
39,Kaski,कास्की,3685,लेखनाथ नगरपालिका,13,1941,"ब्रम्हरुपा उ.मा.वि., जनताको चौतारा"
39,Kaski,कास्की,3685,लेखनाथ नगरपालिका,12,10150,"वडा समितिको कार्यालय, पावर हाउस"
39,Kaski,कास्की,3685,लेखनाथ नगरपालिका,12,1938,"त्रिभुवन शान्ति उ.मा.वि., खुदी"
39,Kaski,कास्की,3685,लेखनाथ नगरपालिका,12,1939,"सरस्वती प्रा.वि., ढु‌गेपाटन"
39,Kaski,कास्की,3685,लेखनाथ नगरपालिका,15,1943,"चन्द्रज्योती प्रा.वि., अटेनिडाँडा"
39,Kaski,कास्की,3685,लेखनाथ नगरपालिका,14,1942,"सिता प्रा.वि., चैनपुर"
39,Kaski,कास्की,3685,लेखनाथ नगरपालिका,1,1874,"पटन्यारी प्रा.वि., पटनेरी"
39,Kaski,कास्की,3685,लेखनाथ नगरपालिका,1,1872,"नवदुर्गा प्रा.वि., सैंनिकवस्ती"
39,Kaski,कास्की,3685,लेखनाथ नगरपालिका,1,1870,"जनप्रकाश उच्च मा.वि., भण्डारढीक"
39,Kaski,कास्की,3685,लेखनाथ नगरपालिका,3,1926,"लक्ष्मी उ.मा.वि., अर्घौ बजार"
39,Kaski,कास्की,3685,लेखनाथ नगरपालिका,2,1925,"महिला विकास समाज, घरेलुचौर"
39,Kaski,कास्की,3685,लेखनाथ नगरपालिका,2,1878,"वीर  प्रा. वि. , रिठेपानी"
39,Kaski,कास्की,3685,लेखनाथ नगरपालिका,5,1928,"भवानीकालिका उच्च मा.वि., घारीपाटन"
39,Kaski,कास्की,3685,लेखनाथ नगरपालिका,4,1927,"अमरज्योती गाउँ फर्क मा.वि., कन्धनीडाँडा"
39,Kaski,कास्की,3685,लेखनाथ नगरपालिका,7,1930,"लक्ष्मी आदर्श उ.मा.वि., ज्यामिरकुना"
39,Kaski,कास्की,3685,लेखनाथ नगरपालिका,6,1929,"तरुण प्रा.वि., अर्चले"
39,Kaski,कास्की,3685,लेखनाथ नगरपालिका,9,1933,"इन्द्रेणी प्रा.वि., लामास्वारा"
39,Kaski,कास्की,3685,लेखनाथ नगरपालिका,9,1934,"जलाधार प्रा.वि., फुलबारी, बेगनास भगेरी"
39,Kaski,कास्की,3685,लेखनाथ नगरपालिका,8,1932,"नवज्योती नि. मा.वि., मोहरिया"
39,Kaski,कास्की,3685,लेखनाथ नगरपालिका,8,1931,"शान्ती प्रा.वि., सिसुवा बजार"
39,Kaski,कास्की,1634,माछापुच्छ्रे,1,9986,शारदा मावि टुसे
39,Kaski,कास्की,1634,माछापुच्छ्रे,3,9986,शारदा मावि टुसे
39,Kaski,कास्की,1634,माछापुच्छ्रे,2,9986,शारदा मावि टुसे
39,Kaski,कास्की,1634,माछापुच्छ्रे,5,9986,शारदा मावि टुसे
39,Kaski,कास्की,1634,माछापुच्छ्रे,4,9986,शारदा मावि टुसे
39,Kaski,कास्की,1634,माछापुच्छ्रे,7,2151,"अन्नपुर्ण नि.मा.वि., मिर्सा"
39,Kaski,कास्की,1634,माछापुच्छ्रे,6,2151,"अन्नपुर्ण नि.मा.वि., मिर्सा"
39,Kaski,कास्की,1634,माछापुच्छ्रे,9,2151,"अन्नपुर्ण नि.मा.वि., मिर्सा"
39,Kaski,कास्की,1634,माछापुच्छ्रे,8,2151,"अन्नपुर्ण नि.मा.वि., मिर्सा"
39,Kaski,कास्की,1618,धम्पुस,1,9982,उदय मावि झंग्रे
39,Kaski,कास्की,1618,धम्पुस,3,9982,उदय मावि झंग्रे
39,Kaski,कास्की,1618,धम्पुस,2,9982,उदय मावि झंग्रे
39,Kaski,कास्की,1618,धम्पुस,5,9982,उदय मावि झंग्रे
39,Kaski,कास्की,1618,धम्पुस,4,9982,उदय मावि झंग्रे
39,Kaski,कास्की,1618,धम्पुस,7,2113,"पृथ्वीनारायण मा.वि., देउराली"
39,Kaski,कास्की,1618,धम्पुस,6,2113,"पृथ्वीनारायण मा.वि., देउराली"
39,Kaski,कास्की,1618,धम्पुस,9,2113,"पृथ्वीनारायण मा.वि., देउराली"
39,Kaski,कास्की,1618,धम्पुस,8,2113,"पृथ्वीनारायण मा.वि., देउराली"
39,Kaski,कास्की,1582,पार्चे,1,1810,"स्थानापती नि.मा.वि., खिलाङ"
39,Kaski,कास्की,1582,पार्चे,3,1810,"स्थानापती नि.मा.वि., खिलाङ"
39,Kaski,कास्की,1582,पार्चे,2,1810,"स्थानापती नि.मा.वि., खिलाङ"
39,Kaski,कास्की,1582,पार्चे,5,1812,"अन्नपुर्ण मा.वि., सिक्लेस"
39,Kaski,कास्की,1582,पार्चे,4,1812,"अन्नपुर्ण मा.वि., सिक्लेस"
39,Kaski,कास्की,1582,पार्चे,7,1812,"अन्नपुर्ण मा.वि., सिक्लेस"
39,Kaski,कास्की,1582,पार्चे,6,1812,"अन्नपुर्ण मा.वि., सिक्लेस"
39,Kaski,कास्की,1582,पार्चे,9,1812,"अन्नपुर्ण मा.वि., सिक्लेस"
39,Kaski,कास्की,1582,पार्चे,8,1812,"अन्नपुर्ण मा.वि., सिक्लेस"
39,Kaski,कास्की,1617,दाङसिङ,1,2112,"बांकोट प्रा.वि., आङवाङ"
39,Kaski,कास्की,1617,दाङसिङ,3,2112,"बांकोट प्रा.वि., आङवाङ"
39,Kaski,कास्की,1617,दाङसिङ,2,2112,"बांकोट प्रा.वि., आङवाङ"
39,Kaski,कास्की,1617,दाङसिङ,5,2112,"बांकोट प्रा.वि., आङवाङ"
39,Kaski,कास्की,1617,दाङसिङ,4,2112,"बांकोट प्रा.वि., आङवाङ"
39,Kaski,कास्की,1617,दाङसिङ,7,2107,"भगवती मा.वि., तिखेढुङ्गा"
39,Kaski,कास्की,1617,दाङसिङ,6,2112,"बांकोट प्रा.वि., आङवाङ"
39,Kaski,कास्की,1617,दाङसिङ,9,2107,"भगवती मा.वि., तिखेढुङ्गा"
39,Kaski,कास्की,1617,दाङसिङ,8,2107,"भगवती मा.वि., तिखेढुङ्गा"
39,Kaski,कास्की,1614,अर्मला,1,2018,"शान्ति उ.मा.वि.,अर्मला"
39,Kaski,कास्की,1614,अर्मला,3,2018,"शान्ति उ.मा.वि.,अर्मला"
39,Kaski,कास्की,1614,अर्मला,2,2018,"शान्ति उ.मा.वि.,अर्मला"
39,Kaski,कास्की,1614,अर्मला,5,2018,"शान्ति उ.मा.वि.,अर्मला"
39,Kaski,कास्की,1614,अर्मला,4,2018,"शान्ति उ.मा.वि.,अर्मला"
39,Kaski,कास्की,1614,अर्मला,7,10002,अन्नपुर्णा मावि टाँडिबिसौना
39,Kaski,कास्की,1614,अर्मला,6,10002,अन्नपुर्णा मावि टाँडिबिसौना
39,Kaski,कास्की,1614,अर्मला,9,10002,अन्नपुर्णा मावि टाँडिबिसौना
39,Kaski,कास्की,1614,अर्मला,8,10002,अन्नपुर्णा मावि टाँडिबिसौना
39,Kaski,कास्की,1615,हेम्जा,1,2098,"विष्णु पादुका मा.वि., तल्लो हेम्जा"
39,Kaski,कास्की,1615,हेम्जा,3,2098,"विष्णु पादुका मा.वि., तल्लो हेम्जा"
39,Kaski,कास्की,1615,हेम्जा,2,2098,"विष्णु पादुका मा.वि., तल्लो हेम्जा"
39,Kaski,कास्की,1615,हेम्जा,5,2101,"गौरीश‌ंकर उ.मा.वि., कुवरथर"
39,Kaski,कास्की,1615,हेम्जा,4,2098,"विष्णु पादुका मा.वि., तल्लो हेम्जा"
39,Kaski,कास्की,1615,हेम्जा,7,2101,"गौरीश‌ंकर उ.मा.वि., कुवरथर"
39,Kaski,कास्की,1615,हेम्जा,6,2101,"गौरीश‌ंकर उ.मा.वि., कुवरथर"
39,Kaski,कास्की,1615,हेम्जा,9,2101,"गौरीश‌ंकर उ.मा.वि., कुवरथर"
39,Kaski,कास्की,1615,हेम्जा,8,2101,"गौरीश‌ंकर उ.मा.वि., कुवरथर"
39,Kaski,कास्की,1612,मौजा,1,1948,"हिमालय मा.वि., गुफा"
39,Kaski,कास्की,1612,मौजा,3,1948,"हिमालय मा.वि., गुफा"
39,Kaski,कास्की,1612,मौजा,2,1948,"हिमालय मा.वि., गुफा"
39,Kaski,कास्की,1612,मौजा,5,1948,"हिमालय मा.वि., गुफा"
39,Kaski,कास्की,1612,मौजा,4,1948,"हिमालय मा.वि., गुफा"
39,Kaski,कास्की,1612,मौजा,7,1948,"हिमालय मा.वि., गुफा"
39,Kaski,कास्की,1612,मौजा,6,1948,"हिमालय मा.वि., गुफा"
39,Kaski,कास्की,1612,मौजा,9,1948,"हिमालय मा.वि., गुफा"
39,Kaski,कास्की,1612,मौजा,8,1948,"हिमालय मा.वि., गुफा"
39,Kaski,कास्की,1587,थुमाको डाँडा,1,1821,सिताराम उ.मा.वि.(नि.मा.वि. शाखा) याङजाकोट
39,Kaski,कास्की,1587,थुमाको डाँडा,3,1821,सिताराम उ.मा.वि.(नि.मा.वि. शाखा) याङजाकोट
39,Kaski,कास्की,1587,थुमाको डाँडा,2,1821,सिताराम उ.मा.वि.(नि.मा.वि. शाखा) याङजाकोट
39,Kaski,कास्की,1587,थुमाको डाँडा,5,1821,सिताराम उ.मा.वि.(नि.मा.वि. शाखा) याङजाकोट
39,Kaski,कास्की,1587,थुमाको डाँडा,4,1821,सिताराम उ.मा.वि.(नि.मा.वि. शाखा) याङजाकोट
39,Kaski,कास्की,1587,थुमाको डाँडा,7,1823,"ध्रुव उ.मा.वि., तारकाङ, माझडिही"
39,Kaski,कास्की,1587,थुमाको डाँडा,6,1823,"ध्रुव उ.मा.वि., तारकाङ, माझडिही"
39,Kaski,कास्की,1587,थुमाको डाँडा,9,1823,"ध्रुव उ.मा.वि., तारकाङ, माझडिही"
39,Kaski,कास्की,1587,थुमाको डाँडा,8,1823,"ध्रुव उ.मा.वि., तारकाङ, माझडिही"
39,Kaski,कास्की,1585,सैमराङ,1,1816,"राष्ट्रज्योती मा.वि., सैमराङ"
39,Kaski,कास्की,1585,सैमराङ,3,1816,"राष्ट्रज्योती मा.वि., सैमराङ"
39,Kaski,कास्की,1585,सैमराङ,2,1816,"राष्ट्रज्योती मा.वि., सैमराङ"
39,Kaski,कास्की,1585,सैमराङ,5,1816,"राष्ट्रज्योती मा.वि., सैमराङ"
39,Kaski,कास्की,1585,सैमराङ,4,1816,"राष्ट्रज्योती मा.वि., सैमराङ"
39,Kaski,कास्की,1585,सैमराङ,7,1816,"राष्ट्रज्योती मा.वि., सैमराङ"
39,Kaski,कास्की,1585,सैमराङ,6,1816,"राष्ट्रज्योती मा.वि., सैमराङ"
39,Kaski,कास्की,1585,सैमराङ,9,1816,"राष्ट्रज्योती मा.वि., सैमराङ"
39,Kaski,कास्की,1585,सैमराङ,8,1816,"राष्ट्रज्योती मा.वि., सैमराङ"
39,Kaski,कास्की,1652,सल्यान,1,2171,"प्रगतीशिल उ.मा.वि., हुलाक"
39,Kaski,कास्की,1652,सल्यान,3,2171,"प्रगतीशिल उ.मा.वि., हुलाक"
39,Kaski,कास्की,1652,सल्यान,2,2171,"प्रगतीशिल उ.मा.वि., हुलाक"
39,Kaski,कास्की,1652,सल्यान,5,2171,"प्रगतीशिल उ.मा.वि., हुलाक"
39,Kaski,कास्की,1652,सल्यान,4,2171,"प्रगतीशिल उ.मा.वि., हुलाक"
39,Kaski,कास्की,1652,सल्यान,7,2171,"प्रगतीशिल उ.मा.वि., हुलाक"
39,Kaski,कास्की,1652,सल्यान,6,2171,"प्रगतीशिल उ.मा.वि., हुलाक"
39,Kaski,कास्की,1652,सल्यान,9,2177,"सितला सामुदायिक मा.वि., झोवाङ"
39,Kaski,कास्की,1652,सल्यान,8,2171,"प्रगतीशिल उ.मा.वि., हुलाक"
39,Kaski,कास्की,1650,कास्कीकोट,1,2167,"कालिका उ.मा.वि. , मान्द्रेढुङ्गा"
39,Kaski,कास्की,1650,कास्कीकोट,3,2167,"कालिका उ.मा.वि. , मान्द्रेढुङ्गा"
39,Kaski,कास्की,1650,कास्कीकोट,2,2167,"कालिका उ.मा.वि. , मान्द्रेढुङ्गा"
39,Kaski,कास्की,1650,कास्कीकोट,5,2167,"कालिका उ.मा.वि. , मान्द्रेढुङ्गा"
39,Kaski,कास्की,1650,कास्कीकोट,4,2169,"विजय प्रा.वि. , बान्द्रे"
39,Kaski,कास्की,1650,कास्कीकोट,7,2167,"कालिका उ.मा.वि. , मान्द्रेढुङ्गा"
39,Kaski,कास्की,1650,कास्कीकोट,6,2167,"कालिका उ.मा.वि. , मान्द्रेढुङ्गा"
39,Kaski,कास्की,1650,कास्कीकोट,9,2169,"विजय प्रा.वि. , बान्द्रे"
39,Kaski,कास्की,1650,कास्कीकोट,8,2167,"कालिका उ.मा.वि. , मान्द्रेढुङ्गा"
39,Kaski,कास्की,1654,सराङकोट,1,2178,"गा.वि.स. भवन , सराङकोट"
39,Kaski,कास्की,1654,सराङकोट,3,2179,"जन जागृती उ.मा.वि., पदेली"
39,Kaski,कास्की,1654,सराङकोट,2,2179,"जन जागृती उ.मा.वि., पदेली"
39,Kaski,कास्की,1654,सराङकोट,5,2179,"जन जागृती उ.मा.वि., पदेली"
39,Kaski,कास्की,1654,सराङकोट,4,2179,"जन जागृती उ.मा.वि., पदेली"
39,Kaski,कास्की,1654,सराङकोट,7,9998,रत्न प्रावि जामुनाबोट
39,Kaski,कास्की,1654,सराङकोट,6,9998,रत्न प्रावि जामुनाबोट
39,Kaski,कास्की,1654,सराङकोट,9,2178,"गा.वि.स. भवन , सराङकोट"
39,Kaski,कास्की,1654,सराङकोट,8,2178,"गा.वि.स. भवन , सराङकोट"
39,Kaski,कास्की,3990,भलाम,1,2015,"महेन्द्र उ.मा.वि., र्‍यालेचौर"
39,Kaski,कास्की,3990,भलाम,3,2015,"महेन्द्र उ.मा.वि., र्‍यालेचौर"
39,Kaski,कास्की,3990,भलाम,2,2015,"महेन्द्र उ.मा.वि., र्‍यालेचौर"
39,Kaski,कास्की,3990,भलाम,5,2015,"महेन्द्र उ.मा.वि., र्‍यालेचौर"
39,Kaski,कास्की,3990,भलाम,4,2015,"महेन्द्र उ.मा.वि., र्‍यालेचौर"
39,Kaski,कास्की,3990,भलाम,7,2015,"महेन्द्र उ.मा.वि., र्‍यालेचौर"
39,Kaski,कास्की,3990,भलाम,6,2015,"महेन्द्र उ.मा.वि., र्‍यालेचौर"
39,Kaski,कास्की,3990,भलाम,9,2015,"महेन्द्र उ.मा.वि., र्‍यालेचौर"
39,Kaski,कास्की,3990,भलाम,8,2015,"महेन्द्र उ.मा.वि., र्‍यालेचौर"
39,Kaski,कास्की,1645,भदौरेतामागी,1,2159,"बहादुरे उ.मा.वि., देउराली"
39,Kaski,कास्की,1645,भदौरेतामागी,3,2159,"बहादुरे उ.मा.वि., देउराली"
39,Kaski,कास्की,1645,भदौरेतामागी,2,2159,"बहादुरे उ.मा.वि., देउराली"
39,Kaski,कास्की,1645,भदौरेतामागी,5,9991,सेतुवाराही प्रावि घलेडाँडा
39,Kaski,कास्की,1645,भदौरेतामागी,4,9991,सेतुवाराही प्रावि घलेडाँडा
39,Kaski,कास्की,1645,भदौरेतामागी,7,9993,हर्पनकोट मा.वि. कुद्धिडाँडा
39,Kaski,कास्की,1645,भदौरेतामागी,6,9993,हर्पनकोट मा.वि. कुद्धिडाँडा
39,Kaski,कास्की,1645,भदौरेतामागी,9,9993,हर्पनकोट मा.वि. कुद्धिडाँडा
39,Kaski,कास्की,1645,भदौरेतामागी,8,9993,हर्पनकोट मा.वि. कुद्धिडाँडा
39,Kaski,कास्की,1595,कालिका,1,1851,"जनज्योती उ. मा.वि., झाझरमारे"
39,Kaski,कास्की,1595,कालिका,3,1851,"जनज्योती उ. मा.वि., झाझरमारे"
39,Kaski,कास्की,1595,कालिका,2,1851,"जनज्योती उ. मा.वि., झाझरमारे"
39,Kaski,कास्की,1595,कालिका,5,1851,"जनज्योती उ. मा.वि., झाझरमारे"
39,Kaski,कास्की,1595,कालिका,4,1851,"जनज्योती उ. मा.वि., झाझरमारे"
39,Kaski,कास्की,1595,कालिका,7,1850,"हिमालय प्रा.वि., चितेपानी"
39,Kaski,कास्की,1595,कालिका,6,1850,"हिमालय प्रा.वि., चितेपानी"
39,Kaski,कास्की,1595,कालिका,9,1850,"हिमालय प्रा.वि., चितेपानी"
39,Kaski,कास्की,1595,कालिका,8,1850,"हिमालय प्रा.वि., चितेपानी"
39,Kaski,कास्की,1623,लुम्ले,1,2127,"संगम मा.वि, चन्द्रकोट"
39,Kaski,कास्की,1623,लुम्ले,3,2127,"संगम मा.वि, चन्द्रकोट"
39,Kaski,कास्की,1623,लुम्ले,2,2127,"संगम मा.वि, चन्द्रकोट"
39,Kaski,कास्की,1623,लुम्ले,5,2127,"संगम मा.वि, चन्द्रकोट"
39,Kaski,कास्की,1623,लुम्ले,4,2127,"संगम मा.वि, चन्द्रकोट"
39,Kaski,कास्की,1623,लुम्ले,7,2132,"हिमालय मा.वि., तोल्का"
39,Kaski,कास्की,1623,लुम्ले,6,2127,"संगम मा.वि, चन्द्रकोट"
39,Kaski,कास्की,1623,लुम्ले,9,2132,"हिमालय मा.वि., तोल्का"
39,Kaski,कास्की,1623,लुम्ले,8,2132,"हिमालय मा.वि., तोल्का"
39,Kaski,कास्की,1596,माझठाना,1,1944,"गा.वि.स. भवन , कोलबाटे"
39,Kaski,कास्की,1596,माझठाना,3,1945,"विश्वज्योती प्रा.वि., राम्चे"
39,Kaski,कास्की,1596,माझठाना,2,1944,"गा.वि.स. भवन , कोलबाटे"
39,Kaski,कास्की,1596,माझठाना,5,1944,"गा.वि.स. भवन , कोलबाटे"
39,Kaski,कास्की,1596,माझठाना,4,1945,"विश्वज्योती प्रा.वि., राम्चे"
39,Kaski,कास्की,1596,माझठाना,7,1944,"गा.वि.स. भवन , कोलबाटे"
39,Kaski,कास्की,1596,माझठाना,6,1944,"गा.वि.स. भवन , कोलबाटे"
39,Kaski,कास्की,1596,माझठाना,9,1944,"गा.वि.स. भवन , कोलबाटे"
39,Kaski,कास्की,1596,माझठाना,8,1944,"गा.वि.स. भवन , कोलबाटे"
39,Kaski,कास्की,1591,हंसपुर,1,9937,"ईन्द्रायणी नि.मा.वि., दाङसिमराङ"
39,Kaski,कास्की,1591,हंसपुर,3,9937,"ईन्द्रायणी नि.मा.वि., दाङसिमराङ"
39,Kaski,कास्की,1591,हंसपुर,2,9937,"ईन्द्रायणी नि.मा.वि., दाङसिमराङ"
39,Kaski,कास्की,1591,हंसपुर,5,1829,"हिमालय नि.मा.वि., लियेयानी"
39,Kaski,कास्की,1591,हंसपुर,4,9936,"रामकोट उ‍.मा.वि., रामकोट"
39,Kaski,कास्की,1591,हंसपुर,7,9936,"रामकोट उ‍.मा.वि., रामकोट"
39,Kaski,कास्की,1591,हंसपुर,6,9936,"रामकोट उ‍.मा.वि., रामकोट"
39,Kaski,कास्की,1591,हंसपुर,9,1829,"हिमालय नि.मा.वि., लियेयानी"
39,Kaski,कास्की,1591,हंसपुर,8,1829,"हिमालय नि.मा.वि., लियेयानी"
39,Kaski,कास्की,1590,देउराली,1,1825,"विश्व शान्ति उच्च मा.वि., देउराली"
39,Kaski,कास्की,1590,देउराली,3,1825,"विश्व शान्ति उच्च मा.वि., देउराली"
39,Kaski,कास्की,1590,देउराली,2,1825,"विश्व शान्ति उच्च मा.वि., देउराली"
39,Kaski,कास्की,1590,देउराली,5,1825,"विश्व शान्ति उच्च मा.वि., देउराली"
39,Kaski,कास्की,1590,देउराली,4,1825,"विश्व शान्ति उच्च मा.वि., देउराली"
39,Kaski,कास्की,1590,देउराली,7,1825,"विश्व शान्ति उच्च मा.वि., देउराली"
39,Kaski,कास्की,1590,देउराली,6,1825,"विश्व शान्ति उच्च मा.वि., देउराली"
39,Kaski,कास्की,1590,देउराली,9,1825,"विश्व शान्ति उच्च मा.वि., देउराली"
39,Kaski,कास्की,1590,देउराली,8,1825,"विश्व शान्ति उच्च मा.वि., देउराली"
39,Kaski,कास्की,1593,सिद्ध,1,1840,"गाउँफर्क मा.वि., खाल्टे"
39,Kaski,कास्की,1593,सिद्ध,3,1840,"गाउँफर्क मा.वि., खाल्टे"
39,Kaski,कास्की,1593,सिद्ध,2,1840,"गाउँफर्क मा.वि., खाल्टे"
39,Kaski,कास्की,1593,सिद्ध,5,1840,"गाउँफर्क मा.वि., खाल्टे"
39,Kaski,कास्की,1593,सिद्ध,4,1840,"गाउँफर्क मा.वि., खाल्टे"
39,Kaski,कास्की,1593,सिद्ध,7,1840,"गाउँफर्क मा.वि., खाल्टे"
39,Kaski,कास्की,1593,सिद्ध,6,1840,"गाउँफर्क मा.वि., खाल्टे"
39,Kaski,कास्की,1593,सिद्ध,9,1840,"गाउँफर्क मा.वि., खाल्टे"
39,Kaski,कास्की,1593,सिद्ध,8,1840,"गाउँफर्क मा.वि., खाल्टे"
39,Kaski,कास्की,1592,रुपाकोट,1,1837,"गा.वि.स. भवन ,भिरचोक"
39,Kaski,कास्की,1592,रुपाकोट,3,1837,"गा.वि.स. भवन ,भिरचोक"
39,Kaski,कास्की,1592,रुपाकोट,2,1837,"गा.वि.स. भवन ,भिरचोक"
39,Kaski,कास्की,1592,रुपाकोट,5,1837,"गा.वि.स. भवन ,भिरचोक"
39,Kaski,कास्की,1592,रुपाकोट,4,1837,"गा.वि.स. भवन ,भिरचोक"
39,Kaski,कास्की,1592,रुपाकोट,7,1837,"गा.वि.स. भवन ,भिरचोक"
39,Kaski,कास्की,1592,रुपाकोट,6,1837,"गा.वि.स. भवन ,भिरचोक"
39,Kaski,कास्की,1592,रुपाकोट,9,1837,"गा.वि.स. भवन ,भिरचोक"
39,Kaski,कास्की,1592,रुपाकोट,8,1837,"गा.वि.स. भवन ,भिरचोक"
39,Kaski,कास्की,1629,ल्वाङघलेल,1,2145,"तारेवराह प्रा.वि., लुम्रे"
39,Kaski,कास्की,1629,ल्वाङघलेल,3,2145,"तारेवराह प्रा.वि., लुम्रे"
39,Kaski,कास्की,1629,ल्वाङघलेल,2,2145,"तारेवराह प्रा.वि., लुम्रे"
39,Kaski,कास्की,1629,ल्वाङघलेल,5,2148,"गौरी शंकर मनिलाल उ. मा.वि., ल्वाङ"
39,Kaski,कास्की,1629,ल्वाङघलेल,4,2145,"तारेवराह प्रा.वि., लुम्रे"
39,Kaski,कास्की,1629,ल्वाङघलेल,7,2148,"गौरी शंकर मनिलाल उ. मा.वि., ल्वाङ"
39,Kaski,कास्की,1629,ल्वाङघलेल,6,2148,"गौरी शंकर मनिलाल उ. मा.वि., ल्वाङ"
39,Kaski,कास्की,1629,ल्वाङघलेल,9,2148,"गौरी शंकर मनिलाल उ. मा.वि., ल्वाङ"
39,Kaski,कास्की,1629,ल्वाङघलेल,8,2148,"गौरी शंकर मनिलाल उ. मा.वि., ल्वाङ"
39,Kaski,कास्की,1599,सिल्दजुरे,1,1946,"महारुद्र मा.वि., तप्रराङ"
39,Kaski,कास्की,1599,सिल्दजुरे,3,1946,"महारुद्र मा.वि., तप्रराङ"
39,Kaski,कास्की,1599,सिल्दजुरे,2,1946,"महारुद्र मा.वि., तप्रराङ"
39,Kaski,कास्की,1599,सिल्दजुरे,5,1946,"महारुद्र मा.वि., तप्रराङ"
39,Kaski,कास्की,1599,सिल्दजुरे,4,1946,"महारुद्र मा.वि., तप्रराङ"
39,Kaski,कास्की,1599,सिल्दजुरे,7,1947,"बराहा प्रा.वि., थाकमेलबोट"
39,Kaski,कास्की,1599,सिल्दजुरे,6,1947,"बराहा प्रा.वि., थाकमेलबोट"
39,Kaski,कास्की,1599,सिल्दजुरे,9,1947,"बराहा प्रा.वि., थाकमेलबोट"
39,Kaski,कास्की,1599,सिल्दजुरे,8,1947,"बराहा प्रा.वि., थाकमेलबोट"
39,Kaski,कास्की,1609,काहु,1,2016,"गा.वि.स., भवन, मेलवोट"
39,Kaski,कास्की,1609,काहु,3,2016,"गा.वि.स., भवन, मेलवोट"
39,Kaski,कास्की,1609,काहु,2,2016,"गा.वि.स., भवन, मेलवोट"
39,Kaski,कास्की,1609,काहु,5,2016,"गा.वि.स., भवन, मेलवोट"
39,Kaski,कास्की,1609,काहु,4,2016,"गा.वि.स., भवन, मेलवोट"
39,Kaski,कास्की,1609,काहु,7,2016,"गा.वि.स., भवन, मेलवोट"
39,Kaski,कास्की,1609,काहु,6,2016,"गा.वि.स., भवन, मेलवोट"
39,Kaski,कास्की,1609,काहु,9,2016,"गा.वि.स., भवन, मेलवोट"
39,Kaski,कास्की,1609,काहु,8,2016,"गा.वि.स., भवन, मेलवोट"
39,Kaski,कास्की,1608,आर्वाविजय,1,2012,"रतन पाण्डे मा.वि., किराकोखोर"
39,Kaski,कास्की,1608,आर्वाविजय,3,2012,"रतन पाण्डे मा.वि., किराकोखोर"
39,Kaski,कास्की,1608,आर्वाविजय,2,2012,"रतन पाण्डे मा.वि., किराकोखोर"
39,Kaski,कास्की,1608,आर्वाविजय,5,2012,"रतन पाण्डे मा.वि., किराकोखोर"
39,Kaski,कास्की,1608,आर्वाविजय,4,2012,"रतन पाण्डे मा.वि., किराकोखोर"
39,Kaski,कास्की,1608,आर्वाविजय,7,2012,"रतन पाण्डे मा.वि., किराकोखोर"
39,Kaski,कास्की,1608,आर्वाविजय,6,2012,"रतन पाण्डे मा.वि., किराकोखोर"
39,Kaski,कास्की,1608,आर्वाविजय,9,2012,"रतन पाण्डे मा.वि., किराकोखोर"
39,Kaski,कास्की,1608,आर्वाविजय,8,2012,"रतन पाण्डे मा.वि., किराकोखोर"
39,Kaski,कास्की,1621,धिताल,1,2125,"भुमेश्वर मा.वि., ठूलढु‌गा"
39,Kaski,कास्की,1621,धिताल,3,2125,"भुमेश्वर मा.वि., ठूलढु‌गा"
39,Kaski,कास्की,1621,धिताल,2,2125,"भुमेश्वर मा.वि., ठूलढु‌गा"
39,Kaski,कास्की,1621,धिताल,5,2125,"भुमेश्वर मा.वि., ठूलढु‌गा"
39,Kaski,कास्की,1621,धिताल,4,2125,"भुमेश्वर मा.वि., ठूलढु‌गा"
39,Kaski,कास्की,1621,धिताल,7,2125,"भुमेश्वर मा.वि., ठूलढु‌गा"
39,Kaski,कास्की,1621,धिताल,6,2125,"भुमेश्वर मा.वि., ठूलढु‌गा"
39,Kaski,कास्की,1621,धिताल,9,2125,"भुमेश्वर मा.वि., ठूलढु‌गा"
39,Kaski,कास्की,1621,धिताल,8,2125,"भुमेश्वर मा.वि., ठूलढु‌गा"
39,Kaski,कास्की,1620,घान्द्रुक,1,9984,जनप्रेमी निमावि किम्चे
39,Kaski,कास्की,1620,घान्द्रुक,3,2117,"मेश्राम वराहा मा.वि., आठभाईथर"
39,Kaski,कास्की,1620,घान्द्रुक,2,9984,जनप्रेमी निमावि किम्चे
39,Kaski,कास्की,1620,घान्द्रुक,5,2117,"मेश्राम वराहा मा.वि., आठभाईथर"
39,Kaski,कास्की,1620,घान्द्रुक,4,2117,"मेश्राम वराहा मा.वि., आठभाईथर"
39,Kaski,कास्की,1620,घान्द्रुक,7,2117,"मेश्राम वराहा मा.वि., आठभाईथर"
39,Kaski,कास्की,1620,घान्द्रुक,6,2117,"मेश्राम वराहा मा.वि., आठभाईथर"
39,Kaski,कास्की,1620,घान्द्रुक,9,2120,"धौलाश्री मा.वि., छुमराङ"
39,Kaski,कास्की,1620,घान्द्रुक,8,2117,"मेश्राम वराहा मा.वि., आठभाईथर"
39,Kaski,कास्की,1627,लाहाचोक,1,2142,"महेन्द्र उ.मा.वि., ठूलोपाटन"
39,Kaski,कास्की,1627,लाहाचोक,3,2142,"महेन्द्र उ.मा.वि., ठूलोपाटन"
39,Kaski,कास्की,1627,लाहाचोक,2,2142,"महेन्द्र उ.मा.वि., ठूलोपाटन"
39,Kaski,कास्की,1627,लाहाचोक,5,2142,"महेन्द्र उ.मा.वि., ठूलोपाटन"
39,Kaski,कास्की,1627,लाहाचोक,4,2142,"महेन्द्र उ.मा.वि., ठूलोपाटन"
39,Kaski,कास्की,1627,लाहाचोक,7,2142,"महेन्द्र उ.मा.वि., ठूलोपाटन"
39,Kaski,कास्की,1627,लाहाचोक,6,2142,"महेन्द्र उ.मा.वि., ठूलोपाटन"
39,Kaski,कास्की,1627,लाहाचोक,9,2142,"महेन्द्र उ.मा.वि., ठूलोपाटन"
39,Kaski,कास्की,1627,लाहाचोक,8,2142,"महेन्द्र उ.मा.वि., ठूलोपाटन"
39,Kaski,कास्की,1626,घाचोक,1,2138,"मेघराज नि.मा.वि., पाङदुङपाटन"
39,Kaski,कास्की,1626,घाचोक,3,2138,"मेघराज नि.मा.वि., पाङदुङपाटन"
39,Kaski,कास्की,1626,घाचोक,2,2138,"मेघराज नि.मा.वि., पाङदुङपाटन"
39,Kaski,कास्की,1626,घाचोक,5,2138,"मेघराज नि.मा.वि., पाङदुङपाटन"
39,Kaski,कास्की,1626,घाचोक,4,2138,"मेघराज नि.मा.वि., पाङदुङपाटन"
39,Kaski,कास्की,1626,घाचोक,7,2138,"मेघराज नि.मा.वि., पाङदुङपाटन"
39,Kaski,कास्की,1626,घाचोक,6,2138,"मेघराज नि.मा.वि., पाङदुङपाटन"
39,Kaski,कास्की,1626,घाचोक,9,2138,"मेघराज नि.मा.वि., पाङदुङपाटन"
39,Kaski,कास्की,1626,घाचोक,8,2138,"मेघराज नि.मा.वि., पाङदुङपाटन"
39,Kaski,कास्की,1624,चापाकोट,1,2135,"जन्मभूमी प्रा.वि., वाम्दी"
39,Kaski,कास्की,1624,चापाकोट,3,2135,"जन्मभूमी प्रा.वि., वाम्दी"
39,Kaski,कास्की,1624,चापाकोट,2,2135,"जन्मभूमी प्रा.वि., वाम्दी"
39,Kaski,कास्की,1624,चापाकोट,5,2135,"जन्मभूमी प्रा.वि., वाम्दी"
39,Kaski,कास्की,1624,चापाकोट,4,2135,"जन्मभूमी प्रा.वि., वाम्दी"
39,Kaski,कास्की,1624,चापाकोट,7,2135,"जन्मभूमी प्रा.वि., वाम्दी"
39,Kaski,कास्की,1624,चापाकोट,6,2135,"जन्मभूमी प्रा.वि., वाम्दी"
39,Kaski,कास्की,1624,चापाकोट,9,2135,"जन्मभूमी प्रा.वि., वाम्दी"
39,Kaski,कास्की,1624,चापाकोट,8,2135,"जन्मभूमी प्रा.वि., वाम्दी"
39,Kaski,कास्की,1601,निर्मलपोखरी,1,2058,"जनचेतना उ.मा.वि., निर्मलपोखरी"
39,Kaski,कास्की,1601,निर्मलपोखरी,3,2058,"जनचेतना उ.मा.वि., निर्मलपोखरी"
39,Kaski,कास्की,1601,निर्मलपोखरी,2,2058,"जनचेतना उ.मा.वि., निर्मलपोखरी"
39,Kaski,कास्की,1601,निर्मलपोखरी,5,2058,"जनचेतना उ.मा.वि., निर्मलपोखरी"
39,Kaski,कास्की,1601,निर्मलपोखरी,4,2058,"जनचेतना उ.मा.वि., निर्मलपोखरी"
39,Kaski,कास्की,1601,निर्मलपोखरी,7,9975,जनजागृती निमावि शिवालय
39,Kaski,कास्की,1601,निर्मलपोखरी,6,9975,जनजागृती निमावि शिवालय
39,Kaski,कास्की,1601,निर्मलपोखरी,9,9975,जनजागृती निमावि शिवालय
39,Kaski,कास्की,1601,निर्मलपोखरी,8,9975,जनजागृती निमावि शिवालय
39,Kaski,कास्की,1603,कृस्ति नाच्नेचौर,1,2064,"भविस्य निमार्ण उ.मा.वि., नाच्नेचौर"
39,Kaski,कास्की,1603,कृस्ति नाच्नेचौर,3,2064,"भविस्य निमार्ण उ.मा.वि., नाच्नेचौर"
39,Kaski,कास्की,1603,कृस्ति नाच्नेचौर,2,2064,"भविस्य निमार्ण उ.मा.वि., नाच्नेचौर"
39,Kaski,कास्की,1603,कृस्ति नाच्नेचौर,5,2064,"भविस्य निमार्ण उ.मा.वि., नाच्नेचौर"
39,Kaski,कास्की,1603,कृस्ति नाच्नेचौर,4,2066,"रामदी प्रा.वि., कृष्तिनाच्नेचौर"
39,Kaski,कास्की,1603,कृस्ति नाच्नेचौर,7,2064,"भविस्य निमार्ण उ.मा.वि., नाच्नेचौर"
39,Kaski,कास्की,1603,कृस्ति नाच्नेचौर,6,2064,"भविस्य निमार्ण उ.मा.वि., नाच्नेचौर"
39,Kaski,कास्की,1603,कृस्ति नाच्नेचौर,9,2066,"रामदी प्रा.वि., कृष्तिनाच्नेचौर"
39,Kaski,कास्की,1603,कृस्ति नाच्नेचौर,8,2064,"भविस्य निमार्ण उ.मा.वि., नाच्नेचौर"
39,Kaski,कास्की,1605,पुम्दीभुम्दी,1,2092,"महेश्वरी मा.वि.,लुकुस्वांरा"
39,Kaski,कास्की,1605,पुम्दीभुम्दी,3,2092,"महेश्वरी मा.वि.,लुकुस्वांरा"
39,Kaski,कास्की,1605,पुम्दीभुम्दी,2,9981,लक्ष्मी निमावि ठूलीबिडी
39,Kaski,कास्की,1605,पुम्दीभुम्दी,5,2092,"महेश्वरी मा.वि.,लुकुस्वांरा"
39,Kaski,कास्की,1605,पुम्दीभुम्दी,4,9981,लक्ष्मी निमावि ठूलीबिडी
39,Kaski,कास्की,1605,पुम्दीभुम्दी,7,2095,"ओखलेडाँडा भुम्दीकोट मा.वि., ओखलेडाँडा"
39,Kaski,कास्की,1605,पुम्दीभुम्दी,6,2095,"ओखलेडाँडा भुम्दीकोट मा.वि., ओखलेडाँडा"
39,Kaski,कास्की,1605,पुम्दीभुम्दी,9,2095,"ओखलेडाँडा भुम्दीकोट मा.वि., ओखलेडाँडा"
39,Kaski,कास्की,1605,पुम्दीभुम्दी,8,2095,"ओखलेडाँडा भुम्दीकोट मा.वि., ओखलेडाँडा"
39,Kaski,कास्की,1648,ढिकुरपोखरी,1,9996,सिर्जना मावि मिम्पाली
39,Kaski,कास्की,1648,ढिकुरपोखरी,3,9996,सिर्जना मावि मिम्पाली
39,Kaski,कास्की,1648,ढिकुरपोखरी,2,9996,सिर्जना मावि मिम्पाली
39,Kaski,कास्की,1648,ढिकुरपोखरी,5,9995,धारापानी मावि धारापनी
39,Kaski,कास्की,1648,ढिकुरपोखरी,4,2163,"माछापुच्छ्रे उच्च मा.वि., ढिकुरपोखरी"
39,Kaski,कास्की,1648,ढिकुरपोखरी,7,2163,"माछापुच्छ्रे उच्च मा.वि., ढिकुरपोखरी"
39,Kaski,कास्की,1648,ढिकुरपोखरी,6,9995,धारापानी मावि धारापनी
39,Kaski,कास्की,1648,ढिकुरपोखरी,9,2163,"माछापुच्छ्रे उच्च मा.वि., ढिकुरपोखरी"
39,Kaski,कास्की,1648,ढिकुरपोखरी,8,9995,धारापानी मावि धारापनी
39,Kaski,कास्की,1607,लामाचौर,1,2004,"अकला प्रा.वि., उपल्लो लामाचौर"
39,Kaski,कास्की,1607,लामाचौर,3,2004,"अकला प्रा.वि., उपल्लो लामाचौर"
39,Kaski,कास्की,1607,लामाचौर,2,2004,"अकला प्रा.वि., उपल्लो लामाचौर"
39,Kaski,कास्की,1607,लामाचौर,5,2004,"अकला प्रा.वि., उपल्लो लामाचौर"
39,Kaski,कास्की,1607,लामाचौर,4,2004,"अकला प्रा.वि., उपल्लो लामाचौर"
39,Kaski,कास्की,1607,लामाचौर,7,2004,"अकला प्रा.वि., उपल्लो लामाचौर"
39,Kaski,कास्की,1607,लामाचौर,6,2004,"अकला प्रा.वि., उपल्लो लामाचौर"
39,Kaski,कास्की,1607,लामाचौर,9,2004,"अकला प्रा.वि., उपल्लो लामाचौर"
39,Kaski,कास्की,1607,लामाचौर,8,2004,"अकला प्रा.वि., उपल्लो लामाचौर"
39,Kaski,कास्की,1616,पुरनचौर,1,2104,"भारतीभवन उ.मा.वि. भवन, पुरनचौर"
39,Kaski,कास्की,1616,पुरनचौर,3,2104,"भारतीभवन उ.मा.वि. भवन, पुरनचौर"
39,Kaski,कास्की,1616,पुरनचौर,2,2104,"भारतीभवन उ.मा.वि. भवन, पुरनचौर"
39,Kaski,कास्की,1616,पुरनचौर,5,2104,"भारतीभवन उ.मा.वि. भवन, पुरनचौर"
39,Kaski,कास्की,1616,पुरनचौर,4,2104,"भारतीभवन उ.मा.वि. भवन, पुरनचौर"
39,Kaski,कास्की,1616,पुरनचौर,7,2104,"भारतीभवन उ.मा.वि. भवन, पुरनचौर"
39,Kaski,कास्की,1616,पुरनचौर,6,2104,"भारतीभवन उ.मा.वि. भवन, पुरनचौर"
39,Kaski,कास्की,1616,पुरनचौर,9,2104,"भारतीभवन उ.मा.वि. भवन, पुरनचौर"
39,Kaski,कास्की,1616,पुरनचौर,8,2104,"भारतीभवन उ.मा.वि. भवन, पुरनचौर"
39,Kaski,कास्की,1579,नामार्जुङ,1,1803,"हिमालय मिलन मा.वि., ताङतिङ"
39,Kaski,कास्की,1579,नामार्जुङ,3,1803,"हिमालय मिलन मा.वि., ताङतिङ"
39,Kaski,कास्की,1579,नामार्जुङ,2,1803,"हिमालय मिलन मा.वि., ताङतिङ"
39,Kaski,कास्की,1579,नामार्जुङ,5,1803,"हिमालय मिलन मा.वि., ताङतिङ"
39,Kaski,कास्की,1579,नामार्जुङ,4,1803,"हिमालय मिलन मा.वि., ताङतिङ"
39,Kaski,कास्की,1579,नामार्जुङ,7,1807,"महेन्द्रोदय नि.मा.वि., घ्यामरुङ"
39,Kaski,कास्की,1579,नामार्जुङ,6,1807,"महेन्द्रोदय नि.मा.वि., घ्यामरुङ"
39,Kaski,कास्की,1579,नामार्जुङ,9,1807,"महेन्द्रोदय नि.मा.वि., घ्यामरुङ"
39,Kaski,कास्की,1579,नामार्जुङ,8,1807,"महेन्द्रोदय नि.मा.वि., घ्यामरुङ"
39,Kaski,कास्की,1636,रिभान,1,2154,"गा.वि.स. भवन, आनन्दबजार"
39,Kaski,कास्की,1636,रिभान,3,2154,"गा.वि.स. भवन, आनन्दबजार"
39,Kaski,कास्की,1636,रिभान,2,2154,"गा.वि.स. भवन, आनन्दबजार"
39,Kaski,कास्की,1636,रिभान,5,2154,"गा.वि.स. भवन, आनन्दबजार"
39,Kaski,कास्की,1636,रिभान,4,2154,"गा.वि.स. भवन, आनन्दबजार"
39,Kaski,कास्की,1636,रिभान,7,2154,"गा.वि.स. भवन, आनन्दबजार"
39,Kaski,कास्की,1636,रिभान,6,2154,"गा.वि.स. भवन, आनन्दबजार"
39,Kaski,कास्की,1636,रिभान,9,2154,"गा.वि.स. भवन, आनन्दबजार"
39,Kaski,कास्की,1636,रिभान,8,2154,"गा.वि.स. भवन, आनन्दबजार"
39,Kaski,कास्की,1639,सार्दिखोला,1,9988,माछापूच्छ्रे उमावि भुर्जुङ्गखोला
39,Kaski,कास्की,1639,सार्दिखोला,3,9988,माछापूच्छ्रे उमावि भुर्जुङ्गखोला
39,Kaski,कास्की,1639,सार्दिखोला,2,9988,माछापूच्छ्रे उमावि भुर्जुङ्गखोला
39,Kaski,कास्की,1639,सार्दिखोला,5,2156,"सरस्वती प्रा.वि., चौर"
39,Kaski,कास्की,1639,सार्दिखोला,4,2156,"सरस्वती प्रा.वि., चौर"
39,Kaski,कास्की,1639,सार्दिखोला,7,2156,"सरस्वती प्रा.वि., चौर"
39,Kaski,कास्की,1639,सार्दिखोला,6,2156,"सरस्वती प्रा.वि., चौर"
39,Kaski,कास्की,1639,सार्दिखोला,9,2156,"सरस्वती प्रा.वि., चौर"
39,Kaski,कास्की,1639,सार्दिखोला,8,2156,"सरस्वती प्रा.वि., चौर"
39,Kaski,कास्की,1573,भाचोक,1,1796,"सेवा मिलन नि.मा.वि., भाचोक"
39,Kaski,कास्की,1573,भाचोक,3,1796,"सेवा मिलन नि.मा.वि., भाचोक"
39,Kaski,कास्की,1573,भाचोक,2,1796,"सेवा मिलन नि.मा.वि., भाचोक"
39,Kaski,कास्की,1573,भाचोक,5,1798,"जनकल्याण उ‌‍ ‌‌मा.वि., मकैखोला"
39,Kaski,कास्की,1573,भाचोक,4,1796,"सेवा मिलन नि.मा.वि., भाचोक"
39,Kaski,कास्की,1573,भाचोक,7,1798,"जनकल्याण उ‌‍ ‌‌मा.वि., मकैखोला"
39,Kaski,कास्की,1573,भाचोक,6,1798,"जनकल्याण उ‌‍ ‌‌मा.वि., मकैखोला"
39,Kaski,कास्की,1573,भाचोक,9,1798,"जनकल्याण उ‌‍ ‌‌मा.वि., मकैखोला"
39,Kaski,कास्की,1573,भाचोक,8,1798,"जनकल्याण उ‌‍ ‌‌मा.वि., मकैखोला"
39,Kaski,कास्की,1576,मिजुरेडाँडा,1,1799,"नारायण नि.मा.वि., रवैडाँडा"
39,Kaski,कास्की,1576,मिजुरेडाँडा,3,1799,"नारायण नि.मा.वि., रवैडाँडा"
39,Kaski,कास्की,1576,मिजुरेडाँडा,2,9977,प्रभात निमावि पाखुरीकोट
39,Kaski,कास्की,1576,मिजुरेडाँडा,5,1802,"हिमालय उ.मा.वि., गोर्जे"
39,Kaski,कास्की,1576,मिजुरेडाँडा,4,9977,प्रभात निमावि पाखुरीकोट
39,Kaski,कास्की,1576,मिजुरेडाँडा,7,1802,"हिमालय उ.मा.वि., गोर्जे"
39,Kaski,कास्की,1576,मिजुरेडाँडा,6,1802,"हिमालय उ.मा.वि., गोर्जे"
39,Kaski,कास्की,1576,मिजुरेडाँडा,9,1802,"हिमालय उ.मा.वि., गोर्जे"
39,Kaski,कास्की,1576,मिजुरेडाँडा,8,1802,"हिमालय उ.मा.वि., गोर्जे"
39,Kaski,कास्की,1594,‍थुम्की,1,1843,"जटेश्वर नि.मा.वि., फल्याङ्गकोट"
39,Kaski,कास्की,1594,‍थुम्की,3,1843,"जटेश्वर नि.मा.वि., फल्याङ्गकोट"
39,Kaski,कास्की,1594,‍थुम्की,2,1843,"जटेश्वर नि.मा.वि., फल्याङ्गकोट"
39,Kaski,कास्की,1594,‍थुम्की,5,1843,"जटेश्वर नि.मा.वि., फल्याङ्गकोट"
39,Kaski,कास्की,1594,‍थुम्की,4,1843,"जटेश्वर नि.मा.वि., फल्याङ्गकोट"
39,Kaski,कास्की,1594,‍थुम्की,7,1845,"शिवालय उ. मा.वि., सिर्कुतान"
39,Kaski,कास्की,1594,‍थुम्की,6,1845,"शिवालय उ. मा.वि., सिर्कुतान"
39,Kaski,कास्की,1594,‍थुम्की,9,1845,"शिवालय उ. मा.वि., सिर्कुतान"
39,Kaski,कास्की,1594,‍थुम्की,8,1845,"शिवालय उ. मा.वि., सिर्कुतान"
39,Kaski,कास्की,3969,भरतपोखरी,1,10000,जनजागृति निमावि भुलभुले
39,Kaski,कास्की,3969,भरतपोखरी,3,2081,"सरस्वती टिका उ.मा.वि., चिर्गादी"
39,Kaski,कास्की,3969,भरतपोखरी,2,2084,"कालिका मा.वि., आपुभन्ज्याङ"
39,Kaski,कास्की,3969,भरतपोखरी,5,10032,चण्डी सामुदायीक मावि भोटयानी
39,Kaski,कास्की,3969,भरतपोखरी,4,2081,"सरस्वती टिका उ.मा.वि., चिर्गादी"
39,Kaski,कास्की,3969,भरतपोखरी,7,2085,"शान्ती उदय उ. मा.वि., वरपाण्डेथुम"
39,Kaski,कास्की,3969,भरतपोखरी,6,10032,चण्डी सामुदायीक मावि भोटयानी
39,Kaski,कास्की,3969,भरतपोखरी,9,2085,"शान्ती उदय उ. मा.वि., वरपाण्डेथुम"
39,Kaski,कास्की,3969,भरतपोखरी,8,2085,"शान्ती उदय उ. मा.वि., वरपाण्डेथुम"
